<?xml version="1.0" encoding="UTF-8"?>
<PE_PROJECT_SETTINGS_DOCUMENTATION>
  <PE_product_version v="version 10.5 for Freescale Microcontrollers" />
  <PE_core_version v="Processor Expert Version 0521" />
  <CPU_Bean name="Cpu" type="MK22FN512LH12">
    <Enabled v="Y" />
    <Properties>
      <Component_name v="Cpu" />
      <CPU_type v="MK22FN512VLH12" />
      <group name="Low power mode settings">
        <EmptySection_DummyValue />
      </group>
      <group name="Common settings">
        <Initialization_priority v="minimal priority" />
        <Watchdog_disable v="yes" />
        <Utilize_after_reset_values v="default" />
      </group>
    </Properties>
    <Methods>
      <EmptySection_DummyValue />
    </Methods>
    <Events>
      <Event_module_name v="Events" />
    </Events>
    <Compiler v="GNU C Compiler" />
    <CompilerProperties>
      <Compiler v="GNU C Compiler" />
      <enumgroup name="Unhandled vectors" v="One handler for all">
        <EmptySection_DummyValue />
      </enumgroup>
      <boolgroup name="Generate debugger files" v="no" />
      <group name="Startup">
        <Add_startup_file v="yes" />
      </group>
      <boolgroup name="Generate linker file" v="yes">
        <Stack_size v="1024" />
        <Heap_size v="0" />
        <Set_memory_segments_to_default v="Click to set default &amp;gt;" />
        <Default_memory_for_interrupts v="INTERNAL FLASH" />
        <Default_memory_for_code v="INTERNAL FLASH" />
        <Default_memory_for_data v="INTERNAL RAM" />
        <list name="ROM/RAM Areas" v="5">
          <group name="MemoryArea0">
            <boolgroup name="ROM/RAM Area" v="Enabled">
              <Name v="m_interrupts" />
              <Qualifier v="RX" />
              <Address v="0" />
              <Size v="408" />
            </boolgroup>
          </group>
          <group name="MemoryArea1">
            <boolgroup name="ROM/RAM Area" v="Disabled" />
          </group>
          <group name="MemoryArea2">
            <boolgroup name="ROM/RAM Area" v="Enabled">
              <Name v="m_text" />
              <Qualifier v="RX" />
              <Address v="1040" />
              <Size v="523248" />
            </boolgroup>
          </group>
          <group name="MemoryArea3">
            <boolgroup name="ROM/RAM Area" v="Enabled">
              <Name v="m_data" />
              <Qualifier v="RW" />
              <Address v="536805376" />
              <Size v="65536" />
            </boolgroup>
          </group>
          <group name="MemoryArea4">
            <boolgroup name="ROM/RAM Area" v="Enabled">
              <Name v="m_data_20000000" />
              <Qualifier v="RW" />
              <Address v="536870912" />
              <Size v="65536" />
            </boolgroup>
          </group>
        </list>
      </boolgroup>
    </CompilerProperties>
  </CPU_Bean>
  <Bean name="pin_mux" type="PinSettings">
    <Enabled v="Y" />
    <Properties>
      <Component_name v="pin_mux" />
      <PinSettings_IP_Block v="PinSettings" />
      <Processor v="MK22FN512LH12" />
    </Properties>
    <Methods>
      <EmptySection_DummyValue />
    </Methods>
    <Events>
      <EmptySection_DummyValue />
    </Events>
  </Bean>
  <Bean name="CI2C1" type="I2C_LDD">
    <Enabled v="Y" />
    <Properties>
      <Component_name v="CI2C1" />
      <I2C_channel v="I2C0" />
      <boolgroup name="Interrupt service" v="Disabled" />
      <group name="Settings">
        <Mode_selection v="MASTER" />
        <boolgroup name="MASTER mode" v="Enabled">
          <group name="Initialization">
            <Address_mode v="7-bit addressing" />
            <Target_slave_address_init v="0" />
          </group>
        </boolgroup>
        <boolgroup name="SLAVE mode" v="Disabled" />
        <group name="Pins">
          <group name="SDA pin">
            <SDA_pin v="J26_4" />
          </group>
          <group name="SCL pin">
            <SCL_pin v="J26_2" />
          </group>
          <High_drive_select v="Disabled" />
          <Input_Glitch_filter v="0" />
        </group>
        <Internal_frequency__multiplier_factor_ v="20.97152 MHz" />
        <Bits_0_2_of_Frequency_divider_register v="011" />
        <Bits_3_5_of_Frequency_divider_register v="100" />
        <SCL_frequency v="81.92 kHz" />
        <SDA_Hold v="1.574 us" />
        <SCL_start_Hold v="6.008 us" />
        <SCL_stop_Hold v="6.151 us" />
        <boolgroup name="Control acknowledge bit" v="Disabled" />
        <boolgroup name="Low timeout" v="Disabled" />
      </group>
      <group name="Initialization">
        <Enabled_in_init_code v="yes" />
        <group name="Event mask">
          <OnMasterBlockSent v="Enabled" />
          <OnMasterBlockReceived v="Enabled" />
          <OnMasterByteReceived v="Disabled" />
          <OnSlaveBlockSent v="Disabled" />
          <OnSlaveBlockReceived v="Disabled" />
          <OnSlaveByteReceived v="Disabled" />
          <OnSlaveRxRequest v="Disabled" />
          <OnSlaveTxRequest v="Disabled" />
          <OnSlaveGeneralCallAddr v="Disabled" />
          <OnSlaveSmBusCallAddr v="Disabled" />
          <OnSlaveSmBusAlertResponse v="Disabled" />
          <OnError v="Disabled" />
          <OnBusStartDetected v="Disabled" />
          <OnBusStopDetected v="Disabled" />
        </group>
      </group>
    </Properties>
    <Methods>
      <Init v="generate code" />
      <Deinit v="don&amp;apos;t generate code" />
      <Enable v="don&amp;apos;t generate code" />
      <Disable v="don&amp;apos;t generate code" />
      <SetEventMask v="don&amp;apos;t generate code" />
      <GetEventMask v="don&amp;apos;t generate code" />
      <MasterSendBlock v="generate code" />
      <MasterGetBlockSentStatus v="don&amp;apos;t generate code" />
      <MasterGetSentDataNum v="don&amp;apos;t generate code" />
      <MasterReceiveBlock v="generate code" />
      <MasterGetBlockReceivedStatus v="don&amp;apos;t generate code" />
      <MasterGetReceivedDataNum v="don&amp;apos;t generate code" />
      <MasterUpdateReceiveBlockSize v="don&amp;apos;t generate code" />
      <SlaveSendBlock v="don&amp;apos;t generate code" />
      <SlaveGetBlockSentStatus v="don&amp;apos;t generate code" />
      <SlaveGetSentDataNum v="don&amp;apos;t generate code" />
      <SlaveCancelTransmissionBlock v="don&amp;apos;t generate code" />
      <SlaveReceiveBlock v="don&amp;apos;t generate code" />
      <SlaveGetBlockReceivedStatus v="don&amp;apos;t generate code" />
      <SlaveGetReceivedDataNum v="don&amp;apos;t generate code" />
      <SlaveUpdateReceiveBlockSize v="don&amp;apos;t generate code" />
      <SlaveCancelReceptionBlock v="don&amp;apos;t generate code" />
      <SelectSlaveDevice v="don&amp;apos;t generate code" />
      <SendAcknowledge v="don&amp;apos;t generate code" />
      <GetError v="don&amp;apos;t generate code" />
      <CheckBus v="don&amp;apos;t generate code" />
      <GetStats v="don&amp;apos;t generate code" />
      <ClearStats v="don&amp;apos;t generate code" />
      <Main v="generate code" />
      <ConnectPin v="don&amp;apos;t generate code" />
      <SetOperationMode v="don&amp;apos;t generate code" />
      <GetDriverState v="don&amp;apos;t generate code" />
    </Methods>
    <Events>
      <Event_module_name v="Events" />
      <event name="OnMasterBlockSent" v="generate code">
        <Event_procedure_name v="CI2C1_OnMasterBlockSent" />
      </event>
      <event name="OnMasterBlockReceived" v="generate code">
        <Event_procedure_name v="CI2C1_OnMasterBlockReceived" />
      </event>
      <event name="OnMasterByteReceived" v="don&amp;apos;t generate code" />
      <event name="OnSlaveBlockSent" v="don&amp;apos;t generate code" />
      <event name="OnSlaveBlockReceived" v="don&amp;apos;t generate code" />
      <event name="OnSlaveByteReceived" v="don&amp;apos;t generate code" />
      <event name="OnSlaveRxRequest" v="don&amp;apos;t generate code" />
      <event name="OnSlaveTxRequest" v="don&amp;apos;t generate code" />
      <event name="OnSlaveGeneralCallAddr" v="don&amp;apos;t generate code" />
      <event name="OnSlaveSmBusCallAddr" v="don&amp;apos;t generate code" />
      <event name="OnSlaveSmBusAlertResponse" v="don&amp;apos;t generate code" />
      <event name="OnError" v="don&amp;apos;t generate code" />
      <event name="OnBusStartDetected" v="don&amp;apos;t generate code" />
      <event name="OnBusStopDetected" v="don&amp;apos;t generate code" />
    </Events>
  </Bean>
</PE_PROJECT_SETTINGS_DOCUMENTATION>

